{
  "metadata": {
    "title": "五哈 哦哈",
    "lyricists": ["邓超", "陈赫", "鹿晗", "范志毅", "宝石Gem", "王勉"],
    "composer": "宝石Gem",
    "arranger": "ATYANG",
    "mixer": "G-Loco",
    "guitarist": "ChillinAir"
  },
  "lyrics": [
    { "time": "00:00.00", "text": "作词 : 邓超/陈赫/鹿晗/范志毅/宝石Gem/王勉" },
    { "time": "00:01.00", "text": "作曲 : 宝石Gem" },
    { "time": "00:02.00", "text": "编曲 : ATYANG" },
    { "time": "00:17.55", "text": "Hook:" },
    { "time": "00:17.64", "text": "五哈 哦哈   就快跟我走吧" },
    { "time": "00:21.96", "text": "五哈 哦哈   我们现在就出发" },
    { "time": "00:26.46", "text": "五哈 哦哈   快跟上你的欧巴" },
    { "time": "00:30.87", "text": "五哈 哦哈   哦哈哈哈哈哈" },
    { "time": "00:34.98", "text": "前方的路有多遥远" },
    { "time": "00:37.26", "text": "一路上花有多娇艳" },
    { "time": "00:39.39", "text": "有你在身旁多耀眼" },
    { "time": "00:41.67", "text": "让我们一起去冒险   yeah" },
    { "time": "00:44.67", "text": "就算是雨打风吹多么狼狈" },
    { "time": "00:48.12", "text": "everyday is goodday" },
    { "time": "00:50.85", "text": "ver1:" },
    { "time": "00:50.88", "text": "宝石Gem：" },
    { "time": "00:53.40", "text": "绕口令 口令绕  绕令口 令口绕" },
    { "time": "00:55.62", "text": "全国各地到处跑 心里装着杜海涛" },
    { "time": "00:57.84", "text": "陈赫邓超起高调 老舅爱往水里跳" },
    { "time": "01:00.06", "text": "鹿晗王勉凑热闹 范老师也一起燥" },
    { "time": "01:02.07", "text": "王勉：" },
    { "time": "01:02.34", "text": "哥哥们进门就喊饿饿饿" },
    { "time": "01:04.20", "text": "赶紧让我妈把午饭张罗" },
    { "time": "01:06.48", "text": "用铁锅炖了一只鹅鹅鹅" },
    { "time": "01:08.55", "text": "谁让你们是我哥" },
    { "time": "01:09.78", "text": "是我曲项向天哥" },
    { "time": "01:10.89", "text": "鹿晗：" },
    { "time": "01:11.67", "text": "夜晚太漆黑" },
    { "time": "01:13.89", "text": "空虚又乏味" },
    { "time": "01:16.08", "text": "赶紧用美食把自己包围" },
    { "time": "01:20.55", "text": "就算很破费" },
    { "time": "01:22.71", "text": "就算变太肥" },
    { "time": "01:24.99", "text": "也好过一个人夜不能寐" },
    { "time": "01:29.01", "text": "范志毅：" },
    {
      "time": "01:29.19",
      "text": "莫名其妙，一帮人来到了五哈，伐晓得来了组啥，打只电话想回去了，为了只节目，面孔都伐要了"
    },
    { "time": "01:37.53", "text": "Hook:" },
    { "time": "01:37.62", "text": "五哈 哦哈   就快跟我走吧" },
    { "time": "01:41.97", "text": "五哈 哦哈   我们现在就出发" },
    { "time": "01:46.38", "text": "五哈 哦哈   快跟上你的欧巴" },
    { "time": "01:50.85", "text": "五哈 哦哈   哦哈哈哈哈哈" },
    { "time": "01:55.02", "text": "前方的路有多遥远" },
    { "time": "01:57.27", "text": "一路上花有多娇艳" },
    { "time": "01:59.40", "text": "有你在身旁多耀眼" },
    { "time": "02:01.65", "text": "让我们一起去冒险  yeah" },
    { "time": "02:04.68", "text": "就算是雨打风吹多么狼狈" },
    { "time": "02:08.13", "text": "everyday is goodday" },
    { "time": "02:11.07", "text": "Ver2:" },
    { "time": "02:12.42", "text": "陈赫：" },
    { "time": "02:13.32", "text": "不管游戏难度升级几个level" },
    { "time": "02:15.54", "text": "五哈为你battle  所有人在拍手" },
    { "time": "02:17.76", "text": "生活不怕软蛋 就怕你是phycho" },
    { "time": "02:19.98", "text": "想笑你就开口 做自己的idol" },
    { "time": "02:22.02", "text": "邓超：" },
    { "time": "02:22.32", "text": "开心就是五哈哈" },
    { "time": "02:23.97", "text": "日子绝对不会苦哈哈" },
    { "time": "02:26.07", "text": "你的表情不要皱巴巴" },
    { "time": "02:28.05", "text": "跳起蹦擦擦  一起过家家" },
    { "time": "02:30.42", "text": "宝石Gem：" },
    { "time": "02:30.63", "text": "哈 背上背包现在跟我出发" },
    { "time": "02:33.39", "text": "范志毅：" },
    { "time": "02:33.57", "text": "哈 条条大路都能通往罗马" },
    { "time": "02:35.61", "text": "王勉：" },
    { "time": "02:35.76", "text": "哈 照亮黑夜为你点起火把" },
    { "time": "02:37.68", "text": "鹿晗：" },
    { "time": "02:37.80", "text": "哈 笑口常开就是我的魔法" },
    { "time": "02:40.05", "text": "邓超：" },
    { "time": "02:40.17", "text": "一定要带你走" },
    { "time": "02:41.58", "text": "陈赫：" },
    { "time": "02:42.18", "text": "快拉紧我的手" },
    { "time": "02:44.40", "text": "范志毅：" },
    { "time": "02:44.58", "text": "跟着我抬起头" },
    { "time": "02:46.71", "text": "合：" },
    { "time": "02:46.80", "text": "哈哈哈哈哈哈" },
    { "time": "02:49.23", "text": "Hook:" },
    { "time": "02:49.32", "text": "五哈 哦哈   就快跟我走吧" },
    { "time": "02:53.10", "text": "五哈 哦哈   我们现在就出发" },
    { "time": "02:57.57", "text": "五哈 哦哈   快跟上你的欧巴" },
    { "time": "03:02.01", "text": "五哈 哦哈   哦哈哈哈哈哈" },
    { "time": "03:06.12", "text": "前方的路有多遥远" },
    { "time": "03:08.37", "text": "一路上花有多娇艳" },
    { "time": "03:10.50", "text": "有你在身旁多耀眼" },
    { "time": "03:12.78", "text": "让我们一起去冒险  yeah" },
    { "time": "03:15.78", "text": "就算是雨打风吹多么狼狈" },
    { "time": "03:19.23", "text": "everyday is goodday" },
    { "time": "03:23.40", "text": "Everybody say:" },
    { "time": "03:24.51", "text": "哈哈哈哈哈" },
    { "time": "03:28.89", "text": "哈哈哈哈哈" },
    { "time": "03:34.14", "text": "Everybody say:" },
    { "time": "03:35.55", "text": "哈哈哈哈哈" },
    { "time": "03:40.02", "text": "哈哈哈哈哈" },
    { "time": "03:46.11", "text": "混音 : G-Loco" },
    { "time": "03:47.11", "text": "吉他 : ChillinAir" }
  ]
}
