{
  "metadata": {
    "title": "天空中的歌",
    "lyricist": "崔一乔",
    "composer": "崔一乔",
    "producer": "崔一乔/小猛",
    "arranger": "周智旭/小猛",
    "guitar": "小猛@清雀Studio",
    "backing_vocals": "小猛",
    "children_chorus": "坤儿",
    "chorus": "曲莫友呷/曲别布前/阿薇/阿机/阿呷",
    "mixing": "刘城函@Studio192K",
    "recording": "清雀Studio/小强@Tony Music Studio",
    "marketing_promoter": "吴清超/王利鑫",
    "distribution": "鲸鱼向海（北京）文化有限公司",
    "copyright": "未经著作权人许可不得翻唱翻录或使用"
  },
  "lyrics": [
    { "time": "00:00.00", "text": "作词Lyricist : 崔一乔" },
    { "time": "00:00.30", "text": "作曲Composer : 崔一乔" },
    { "time": "00:00.60", "text": "制作人Producer : 崔一乔/小猛" },
    { "time": "00:00.90", "text": "编曲Arranger : 周智旭/小猛" },
    { "time": "00:01.21", "text": "吉他Guitar : 小猛@清雀Studio" },
    { "time": "00:01.51", "text": "和声Backing Vocals : 小猛" },
    { "time": "00:01.81", "text": "童声Children's Chorus : 坤儿" },
    {
      "time": "00:02.12",
      "text": "合唱Chorus : 曲莫友呷/曲别布前/阿薇/阿机/阿呷"
    },
    { "time": "00:02.42", "text": "混音Mixing : 刘城函@Studio192K" },
    {
      "time": "00:02.72",
      "text": "录音Recording : 清雀Studio/小强@Tony Music Studio"
    },
    {
      "time": "00:03.03",
      "text": "营销推广Marketing Promoter : 吴清超/王利鑫"
    },
    {
      "time": "00:03.33",
      "text": "发行Distribution : 鲸鱼向海（北京）文化有限公司"
    },
    { "time": "00:03.63", "text": "【未经著作权人许可不得翻唱翻录或使用】" },
    { "time": "00:04.23", "text": "天空中有那么多" },
    { "time": "00:06.84", "text": "白白的云朵" },
    { "time": "00:12.66", "text": "我的心里却住着小小的湖泊" },
    { "time": "00:30.69", "text": "拿起生活唱起歌" },
    { "time": "00:34.23", "text": "哪来的那么多脆弱" },
    { "time": "00:37.62", "text": "活着" },
    { "time": "00:40.20", "text": "就要像神仙一样过" },
    { "time": "00:44.43", "text": "生起篝火敲起钵" },
    { "time": "00:47.91", "text": "哪来的那么多执着" },
    { "time": "00:51.33", "text": "翻过" },
    { "time": "00:53.85", "text": "翻过我心中大迷惑" },
    { "time": "00:58.20", "text": "天空中有那么多" },
    { "time": "01:00.00", "text": "那么多那么多白白的云朵" },
    { "time": "01:04.98", "text": "我的心里却住着" },
    { "time": "01:06.84", "text": "却住着却住着小小的湖泊" },
    { "time": "01:11.91", "text": "火车疾驰又飞过" },
    { "time": "01:13.71", "text": "又飞过又飞过绿绿的山坡" },
    { "time": "01:18.87", "text": "我和你呀背靠着" },
    { "time": "01:20.58", "text": "背靠着背靠着纯纯的爱河" },
    { "time": "01:39.24", "text": "拿起什么渡过河" },
    { "time": "01:42.81", "text": "哪来的那么多离合" },
    { "time": "01:46.14", "text": "而我" },
    { "time": "01:48.96", "text": "而我或许是魔也是佛" },
    { "time": "01:52.98", "text": "拿起山河望远阔" },
    { "time": "01:56.49", "text": "哪来的那么多失落" },
    { "time": "02:00.03", "text": "如若" },
    { "time": "02:02.52", "text": "如若我们一起唱首歌" },
    { "time": "02:06.75", "text": "天空中有那么多" },
    { "time": "02:08.58", "text": "那么多那么多白白的云朵" },
    { "time": "02:13.65", "text": "我的心里却住着" },
    { "time": "02:15.39", "text": "却住着却住着小小的湖泊" },
    { "time": "02:20.49", "text": "火车疾驰又飞过" },
    { "time": "02:22.26", "text": "又飞过又飞过绿绿的山坡" },
    { "time": "02:27.39", "text": "我和你呀背靠着" },
    { "time": "02:29.13", "text": "背靠着背靠着纯纯的爱河" },
    { "time": "02:34.05", "text": "五彩斑斓的烟火斑驳了轮廓" },
    { "time": "02:41.13", "text": "赤赤裸裸的踏破风海大沙漠" },
    { "time": "02:47.88", "text": "起起落落的掠过人间的婆娑" },
    { "time": "02:54.84", "text": "在大风中呼喊着炙热和澄澈" },
    { "time": "03:01.62", "text": "天空中有那么多" },
    { "time": "03:03.42", "text": "那么多那么多白白的云朵" },
    { "time": "03:08.52", "text": "我的心里却住着" },
    { "time": "03:10.26", "text": "却住着却住着小小的湖泊" },
    { "time": "03:15.36", "text": "火车疾驰又飞过" },
    { "time": "03:17.10", "text": "又飞过又飞过绿绿的山坡" },
    { "time": "03:22.23", "text": "我和你呀背靠着" },
    { "time": "03:24.00", "text": "背靠着背靠着纯纯的爱河" },
    {
      "time": "03:29.40",
      "text": "Aa li ya lei ou hou la la la li you hou la la la"
    },
    {
      "time": "03:33.48",
      "text": "lei ou hou lei ou ou la lei ou ou la lei ou hou la la la lei ou"
    },
    {
      "time": "03:43.11",
      "text": "Aa li ya lei ou hou la la la li you hou la la la"
    },
    {
      "time": "03:47.19",
      "text": "lei ou hou lei ou ou la lei ou ou la lei ou hou la la la lei ou"
    },
    {
      "time": "03:56.82",
      "text": "Aa li ya lei ou hou la la la li you hou la la la"
    },
    {
      "time": "04:00.90",
      "text": "lei ou hou lei ou ou la lei ou ou la lei ou hou la la la lei ou"
    }
  ]
}
