{
  "metadata": {
    "title": "鲜花",
    "lyricist": "刘西蒙",
    "composer": "刘西蒙",
    "arranger": "回春丹",
    "vocal": "刘西蒙",
    "guitar_backing_vocals": "韦高飞",
    "bass": "郭泽群",
    "drums_backing_vocals": "简丹",
    "backing_vocals": "刘禹彤",
    "guest_keyboard": "杨光雨",
    "sound_producer": "金少刚",
    "mixing_consultant": "李军",
    "mixing": "佟尚泽@维伴音乐",
    "stage_director": "李柯",
    "lighting_directors": ["田为钧", "卢晓伟"]
  },
  "lyrics": [
    { "time": "00:00.00", "text": "作词 : 刘西蒙" },
    { "time": "00:00.58", "text": "作曲 : 刘西蒙" },
    { "time": "00:01.16", "text": "编曲 : 回春丹" },
    { "time": "00:01.74", "text": "我的心啊我的心" },
    { "time": "00:06.57", "text": "整栋出租" },
    { "time": "00:09.30", "text": "处处都给你" },
    { "time": "00:16.11", "text": "永远开满" },
    { "time": "00:18.21", "text": "永远开满" },
    { "time": "00:20.94", "text": "永远开满" },
    { "time": "01:03.60", "text": "彩虹里面的人" },
    { "time": "01:07.50", "text": "你们好吗" },
    { "time": "01:11.70", "text": "你那快乐吗" },
    { "time": "01:14.01", "text": "我期待的吗" },
    { "time": "01:16.47", "text": "还记得歌唱" },
    { "time": "01:17.97", "text": "记得啦啦啦吗" },
    { "time": "01:22.74", "text": "躲在屋檐的人" },
    { "time": "01:26.64", "text": "你们害怕吗" },
    { "time": "01:30.90", "text": "还记得笑吗" },
    { "time": "01:33.24", "text": "还记得我吗" },
    { "time": "01:35.64", "text": "还记得保持好奇的傻瓜" },
    { "time": "01:41.67", "text": "我去到那里会不会一无所知" },
    { "time": "01:46.74", "text": "去到那里会不会一无所知" },
    { "time": "01:51.57", "text": "车子经过了桥" },
    { "time": "01:54.30", "text": "我记得在那便利店买的酒" },
    { "time": "01:58.41", "text": "可是我不敢一个人喝" },
    { "time": "02:03.84", "text": "车子又经过了山" },
    { "time": "02:08.67", "text": "我妄想开着我的烂摩托" },
    { "time": "02:12.78", "text": "去转一转" },
    { "time": "02:14.64", "text": "可是我可是我" },
    { "time": "02:17.04", "text": "可惜我把车卖了" },
    { "time": "02:20.34", "text": "我的心啊我的心" },
    { "time": "02:25.14", "text": "整栋出租" },
    { "time": "02:27.87", "text": "处处都给你" },
    { "time": "02:28.62", "text": "种好的鲜花" },
    { "time": "02:41.04", "text": "治愈你的白发" },
    { "time": "02:44.04", "text": "别害怕别害怕" },
    { "time": "02:47.07", "text": "有我在的地方啊" },
    { "time": "02:53.91", "text": "永远开满了鲜花" },
    { "time": "03:02.07", "text": "治愈你的白发" },
    { "time": "03:06.90", "text": "别害怕" },
    { "time": "03:13.08", "text": "永远开满了鲜花" },
    { "time": "03:21.27", "text": "治愈你的白发" },
    { "time": "03:27.45", "text": "永远开满" },
    { "time": "03:29.61", "text": "永远开满" },
    { "time": "03:32.31", "text": "永远开满" },
    { "time": "04:15.57", "text": "我的心啊我的心" },
    { "time": "04:20.40", "text": "整栋出租" },
    { "time": "04:23.10", "text": "处处都给你" },
    { "time": "04:23.82", "text": "种好的鲜花" },
    { "time": "04:36.27", "text": "治愈你的白发" },
    { "time": "04:39.27", "text": "别害怕别害怕" },
    { "time": "04:42.24", "text": "有我在的地方啊" },
    { "time": "04:49.14", "text": "永远开满了鲜花" },
    { "time": "04:57.24", "text": "治愈你的白发" },
    { "time": "05:02.07", "text": "别害怕" },
    { "time": "05:08.37", "text": "永远开满了鲜花" },
    { "time": "05:16.47", "text": "治愈你的白发" },
    { "time": "05:22.77", "text": "永远开满" },
    { "time": "05:24.81", "text": "永远开满" },
    { "time": "05:27.57", "text": "永远开满" },
    { "time": "05:39.14", "text": "乐夏 谢谢" },
    { "time": "05:43.20", "text": "让我们认识了这么多" },
    { "time": "05:45.30", "text": "可爱的人" },
    { "time": "05:48.97", "text": "我们这一次来是来做最后的谢幕" },
    { "time": "05:52.37", "text": "请再给我最后一点点时间" },
    { "time": "05:58.23", "text": "我现在不想停下来" },
    { "time": "06:00.30", "text": "我以后也不想停下来" },
    { "time": "06:25.00", "text": "乐夏" },
    { "time": "06:44.03", "text": "谢谢" },
    { "time": "07:29.15", "text": "拜拜" },
    { "time": "07:40.47", "text": "主唱：刘西蒙" },
    { "time": "07:40.92", "text": "吉他/和声：韦高飞" },
    { "time": "07:41.38", "text": "贝斯：郭泽群" },
    { "time": "07:41.83", "text": "鼓/和声：简丹" },
    { "time": "07:42.28", "text": "和声：刘禹彤" },
    { "time": "07:42.74", "text": "特邀键盘：杨光雨" },
    { "time": "07:43.19", "text": "声音制作人：金少刚" },
    { "time": "07:43.65", "text": "音乐混音顾问：李军" },
    { "time": "07:44.10", "text": "音乐混音：佟尚泽@维伴音乐" },
    { "time": "07:44.55", "text": "舞台总监：李柯" },
    { "time": "07:45.01", "text": "灯光总监：田为钧、卢晓伟" }
  ]
}
